id,title,content
1,The Rise of AI,Artificial intelligence is transforming industries globally. Machine learning and deep learning are key components driving innovation.
2,Future of Robotics,Robotics is advancing rapidly integrating with AI for autonomous systems. Human-robot interaction is a growing field.
3,Data Engineering,Data Engineering leverages tools and computation to move massive amounts of data. Big data analytics is crucial for businesses.
4,Cloud Computing Basics,Cloud computing enables on-demand access to computing resources. AWS Azure and Google Cloud are leading providers.
5,Cybersecurity Threats,Cybersecurity is essential for protecting digital assets. Hackers use various techniques to breach systems and steal data.
6,Blockchain Technology,Blockchain provides a decentralized ledger for secure transactions. Cryptocurrency like Bitcoin relies on blockchain technology.
7,Machine Learning Models,Machine learning models learn patterns from data. Supervised and unsupervised learning are common approaches.
8,Natural Language Processing,NLP enables computers to understand human language. Chatbots and translation tools use NLP techniques.
9,Computer Vision,Computer vision allows machines to interpret visual data. Image recognition and object detection are key applications.
10,Internet of Things,IoT connects everyday devices to the internet. Smart homes and wearables are popular IoT applications.
11,Deep Learning Networks,Deep learning uses neural networks with many layers. CNNs and RNNs are popular deep learning architectures.
12,Python Programming,Python is a versatile programming language. It is widely used in data science and web development.
13,Database Management,Databases store and organize data efficiently. SQL and NoSQL are two main types of database systems.
14,Web Development Trends,Web development evolves with new frameworks. React Angular and Vue are popular frontend technologies.
15,Mobile App Development,Mobile apps are essential for modern businesses. iOS and Android are the dominant mobile platforms.
16,DevOps Practices,DevOps combines development and operations. CI/CD pipelines automate software delivery processes.
17,Data Visualization,Data visualization presents data in graphical format. Charts and dashboards help communicate insights effectively.
18,API Development,APIs enable communication between software systems. REST and GraphQL are common API design approaches.
19,Software Testing,Testing ensures software quality and reliability. Unit tests and integration tests catch bugs early.
20,Agile Methodology,Agile promotes iterative development and collaboration. Scrum and Kanban are popular agile frameworks.